schedule,configuration,installation,cooled_drift_max_um,hot_lift_max_um,hot_axial_travel_median_mm,fractures
T1,A,1,18,3,0.03,0
T1,A,2,22,4,0.04,0
T1,A,3,21,3,0.03,0
T1,A,4,25,5,0.04,0
T1,A,5,19,4,0.03,0
T1,A,6,24,4,0.04,0
T1,B,1,12,11,0.10,0
T1,B,2,15,13,0.11,0
T1,B,3,14,10,0.10,0
T1,B,4,11,12,0.11,0
T1,B,5,17,15,0.12,0
T1,B,6,13,12,0.10,0
T1,C,1,10,3,0.10,0
T1,C,2,13,4,0.11,0
T1,C,3,11,3,0.10,0
T1,C,4,14,4,0.11,0
T1,C,5,12,5,0.12,0
T1,C,6,15,4,0.11,0
T1,D,1,23,4,0.02,0
T1,D,2,27,5,0.03,0
T1,D,3,25,4,0.02,0
T1,D,4,28,5,0.03,0
T1,D,5,22,4,0.02,0
T1,D,6,26,5,0.03,0
T2,A,1,61,5,0.05,0
T2,A,2,73,6,0.06,0
T2,A,3,68,5,0.05,0
T2,A,4,81,7,0.07,0
T2,A,5,64,6,0.05,0
T2,A,6,77,6,0.06,0
T2,B,1,16,21,0.22,0
T2,B,2,20,26,0.24,0
T2,B,3,18,23,0.23,0
T2,B,4,22,28,0.25,0
T2,B,5,17,22,0.22,0
T2,B,6,21,25,0.24,0
T2,C,1,17,4,0.22,0
T2,C,2,22,5,0.24,0
T2,C,3,19,4,0.23,0
T2,C,4,24,6,0.25,0
T2,C,5,18,5,0.22,0
T2,C,6,21,5,0.24,0
T2,D,1,54,5,0.04,0
T2,D,2,66,6,0.05,0
T2,D,3,60,5,0.04,0
T2,D,4,70,7,0.06,0
T2,D,5,57,6,0.05,0
T2,D,6,64,6,0.05,0
