rate,version,installation,effluent_fraction_pct,pressure_drop_kPa
L,W,1,5.8,14.2
L,W,2,6.2,14.6
L,W,3,6.0,14.3
L,W,4,6.5,14.5
L,W,5,5.9,14.1
L,W,6,6.1,14.4
H,W,1,8.2,35.1
H,W,2,8.8,35.8
H,W,3,9.4,36.2
H,W,4,8.6,35.5
H,W,5,9.1,36.0
H,W,6,8.9,35.7
L,R,1,8.7,8.1
L,R,2,9.5,8.4
L,R,3,10.8,8.0
L,R,4,9.2,8.3
L,R,5,11.3,7.9
L,R,6,9.8,8.2
H,R,1,22.0,17.2
H,R,2,24.6,17.8
H,R,3,23.1,17.0
H,R,4,26.2,18.1
H,R,5,24.0,17.6
H,R,6,25.5,17.9
L,S,1,6.1,14.8
L,S,2,6.5,15.2
L,S,3,6.3,14.9
L,S,4,6.8,15.3
L,S,5,6.0,14.7
L,S,6,6.4,15.0
H,S,1,8.6,36.0
H,S,2,9.0,36.7
H,S,3,9.7,36.4
H,S,4,9.2,37.1
H,S,5,8.8,36.2
H,S,6,9.5,36.8
L,K,1,6.3,14.9
L,K,2,6.1,14.6
L,K,3,6.7,15.1
L,K,4,6.5,14.8
L,K,5,6.2,14.7
L,K,6,6.6,15.0
H,K,1,9.1,36.3
H,K,2,8.7,36.8
H,K,3,9.6,36.1
H,K,4,9.0,37.0
H,K,5,9.4,36.5
H,K,6,9.2,36.7
