provenance,policy,interval_start_min,interval_end_min,interval_duration_min,tank,alpha_to_west,start_l,capacity_l,inflow_lpm,load_lpm,net_gain_lpm,raw_net_gain_l,spill_l,end_l
CONSTRUCTED_DEMO,FIXED_THIRD,0,1,1,W,0.3333333333,180.0,200.0,30.0,18.0,12.0,12.0,0.0,192.0
CONSTRUCTED_DEMO,FIXED_THIRD,0,1,1,E,0.3333333333,250.0,300.0,30.000000000000004,24.0,6.0000000000000036,6.0000000000000036,0.0,256.0
CONSTRUCTED_DEMO,FIXED_THIRD,1,2,1,W,0.3333333333,192.0,200.0,30.0,18.0,12.0,12.0,4.0,200.0
CONSTRUCTED_DEMO,FIXED_THIRD,1,2,1,E,0.3333333333,256.0,300.0,30.000000000000004,24.0,6.0000000000000036,6.0000000000000036,0.0,262.0
CONSTRUCTED_DEMO,FIXED_THIRD,2,3,1,W,0.3333333333,200.0,200.0,30.0,18.0,12.0,12.0,12.0,200.0
CONSTRUCTED_DEMO,FIXED_THIRD,2,3,1,E,0.3333333333,262.0,300.0,30.000000000000004,24.0,6.0000000000000036,6.0000000000000036,0.0,268.0
CONSTRUCTED_DEMO,FIXED_THIRD,3,4,1,W,0.3333333333,200.0,200.0,30.0,18.0,12.0,12.0,12.0,200.0
CONSTRUCTED_DEMO,FIXED_THIRD,3,4,1,E,0.3333333333,268.0,300.0,30.000000000000004,24.0,6.0000000000000036,6.0000000000000036,0.0,274.0
CONSTRUCTED_DEMO,DELAYED_TENTH,0,1,1,W,0.3333333333,180.0,200.0,30.0,18.0,12.0,12.0,0.0,192.0
CONSTRUCTED_DEMO,DELAYED_TENTH,0,1,1,E,0.3333333333,250.0,300.0,30.000000000000004,24.0,6.0000000000000036,6.0000000000000036,0.0,256.0
CONSTRUCTED_DEMO,DELAYED_TENTH,1,2,1,W,0.1,192.0,200.0,23.0,18.0,5.0,5.0,0.0,197.0
CONSTRUCTED_DEMO,DELAYED_TENTH,1,2,1,E,0.1,256.0,300.0,37.0,24.0,13.0,13.0,0.0,269.0
CONSTRUCTED_DEMO,DELAYED_TENTH,2,3,1,W,0.1,197.0,200.0,23.0,18.0,5.0,5.0,2.0,200.0
CONSTRUCTED_DEMO,DELAYED_TENTH,2,3,1,E,0.1,269.0,300.0,37.0,24.0,13.0,13.0,0.0,282.0
CONSTRUCTED_DEMO,DELAYED_TENTH,3,4,1,W,0.1,200.0,200.0,23.0,18.0,5.0,5.0,5.0,200.0
CONSTRUCTED_DEMO,DELAYED_TENTH,3,4,1,E,0.1,282.0,300.0,37.0,24.0,13.0,13.0,0.0,295.0
CONSTRUCTED_DEMO,FIXED_TENTH,0,1,1,W,0.1,180.0,200.0,23.0,18.0,5.0,5.0,0.0,185.0
CONSTRUCTED_DEMO,FIXED_TENTH,0,1,1,E,0.1,250.0,300.0,37.0,24.0,13.0,13.0,0.0,263.0
CONSTRUCTED_DEMO,FIXED_TENTH,1,2,1,W,0.1,185.0,200.0,23.0,18.0,5.0,5.0,0.0,190.0
CONSTRUCTED_DEMO,FIXED_TENTH,1,2,1,E,0.1,263.0,300.0,37.0,24.0,13.0,13.0,0.0,276.0
CONSTRUCTED_DEMO,FIXED_TENTH,2,3,1,W,0.1,190.0,200.0,23.0,18.0,5.0,5.0,0.0,195.0
CONSTRUCTED_DEMO,FIXED_TENTH,2,3,1,E,0.1,276.0,300.0,37.0,24.0,13.0,13.0,0.0,289.0
CONSTRUCTED_DEMO,FIXED_TENTH,3,4,1,W,0.1,195.0,200.0,23.0,18.0,5.0,5.0,0.0,200.0
CONSTRUCTED_DEMO,FIXED_TENTH,3,4,1,E,0.1,289.0,300.0,37.0,24.0,13.0,13.0,2.0,300.0
